{"initial_reset_timestamp": 1550876452.4449668, "timestamps": [1550876454.696521, 1550876456.587444, 1550876456.659892, 1550876456.686641, 1550876456.712474, 1550876456.7343931, 1550876456.7566621, 1550876456.779417, 1550876458.526965, 1550876458.593646, 1550876458.6184661, 1550876458.642433, 1550876458.666025, 1550876458.688789, 1550876458.71123, 1550876458.7336562, 1550876458.755954, 1550876458.778742, 1550876458.800745, 1550876458.82395, 1550876458.8465989, 1550876458.869719, 1550876458.893667, 1550876458.919059, 1550876458.939204, 1550876458.969146, 1550876459.000569, 1550876460.725486, 1550876460.7946188, 1550876460.8205178, 1550876460.845778, 1550876460.870985, 1550876460.891673, 1550876460.915929, 1550876460.939136, 1550876460.963254, 1550876460.985715, 1550876461.007654, 1550876461.029397, 1550876461.052177, 1550876461.074628, 1550876461.099103, 1550876461.1238232, 1550876461.146824, 1550876461.168601, 1550876461.191051, 1550876461.213762, 1550876461.237212, 1550876461.2620091, 1550876461.28781, 1550876461.313152, 1550876461.338845, 1550876461.3650298, 1550876461.393398, 1550876461.4188218, 1550876461.4456651, 1550876461.473353, 1550876461.499462, 1550876461.5233011, 1550876461.5464199, 1550876461.568949, 1550876461.5920482, 1550876461.614103, 1550876461.6361558, 1550876463.351736, 1550876463.4226491, 1550876463.449444, 1550876463.476911, 1550876463.504034, 1550876463.534742, 1550876463.5695841, 1550876463.608877, 1550876463.635167, 1550876463.6623108, 1550876463.689675, 1550876463.716419, 1550876463.743326, 1550876463.770779, 1550876463.795508, 1550876463.8188071, 1550876463.842929, 1550876463.868084, 1550876463.892761, 1550876463.918852, 1550876463.9429572, 1550876463.957242, 1550876463.981341, 1550876464.0040371, 1550876464.027957, 1550876464.054098, 1550876464.0793989, 1550876464.1035898, 1550876464.1298728, 1550876464.1585999, 1550876464.188621, 1550876464.214319, 1550876464.2388952, 1550876464.2651782, 1550876464.289222, 1550876464.3120708], "episode_lengths": [200, 200, 200, 200, 200, 200, 200, 200, 200, 200, 200, 200, 200, 200, 200, 200, 200, 200, 200, 200, 200, 200, 200, 200, 160, 200, 200, 200, 200, 200, 200, 200, 172, 200, 200, 200, 200, 200, 200, 200, 200, 200, 200, 200, 200, 200, 200, 200, 200, 200, 200, 200, 200, 200, 200, 200, 200, 200, 200, 200, 200, 200, 200, 200, 200, 200, 200, 200, 200, 200, 200, 200, 200, 200, 200, 200, 200, 200, 200, 200, 200, 200, 200, 200, 200, 122, 200, 200, 200, 200, 200, 200, 200, 200, 200, 200, 200, 200, 200, 200], "episode_rewards": [200.0, 200.0, 200.0, 200.0, 200.0, 200.0, 200.0, 200.0, 200.0, 200.0, 200.0, 200.0, 200.0, 200.0, 200.0, 200.0, 200.0, 200.0, 200.0, 200.0, 200.0, 200.0, 200.0, 200.0, 160.0, 200.0, 200.0, 200.0, 200.0, 200.0, 200.0, 200.0, 172.0, 200.0, 200.0, 200.0, 200.0, 200.0, 200.0, 200.0, 200.0, 200.0, 200.0, 200.0, 200.0, 200.0, 200.0, 200.0, 200.0, 200.0, 200.0, 200.0, 200.0, 200.0, 200.0, 200.0, 200.0, 200.0, 200.0, 200.0, 200.0, 200.0, 200.0, 200.0, 200.0, 200.0, 200.0, 200.0, 200.0, 200.0, 200.0, 200.0, 200.0, 200.0, 200.0, 200.0, 200.0, 200.0, 200.0, 200.0, 200.0, 200.0, 200.0, 200.0, 200.0, 122.0, 200.0, 200.0, 200.0, 200.0, 200.0, 200.0, 200.0, 200.0, 200.0, 200.0, 200.0, 200.0, 200.0, 200.0], "episode_types": ["t", "t", "t", "t", "t", "t", "t", "t", "t", "t", "t", "t", "t", "t", "t", "t", "t", "t", "t", "t", "t", "t", "t", "t", "t", "t", "t", "t", "t", "t", "t", "t", "t", "t", "t", "t", "t", "t", "t", "t", "t", "t", "t", "t", "t", "t", "t", "t", "t", "t", "t", "t", "t", "t", "t", "t", "t", "t", "t", "t", "t", "t", "t", "t", "t", "t", "t", "t", "t", "t", "t", "t", "t", "t", "t", "t", "t", "t", "t", "t", "t", "t", "t", "t", "t", "t", "t", "t", "t", "t", "t", "t", "t", "t", "t", "t", "t", "t", "t", "t"]}